game_id,num_players,status,total_actions,num_matched,first_divergence_action_index,first_divergence_action_type,divergence_kind,drop_reason,first_error_msg
70706,4,perfect,464,464,,,,,
27382,4,perfect,375,375,,,,,
27240,3,perfect,275,275,,,,,
42098,6,perfect,691,691,,,,,
58766,3,perfect,712,712,,,,,
65922,4,dropped,0,0,,,,illegal_share_buy,
82647,4,perfect,808,808,,,,,
40392,6,perfect,486,486,,,,,
57479,4,dropped,0,0,,,,illegal_share_buy,
37359,4,perfect,407,407,,,,,
43976,3,perfect,714,714,,,,,
54480,4,perfect,466,466,,,,,
27882,4,perfect,700,700,,,,,
82628,4,perfect,525,525,,,,,
70679,4,perfect,816,816,,,,,
35576,4,perfect,780,780,,,,,
40423,4,perfect,911,911,,,,,
38701,4,perfect,910,910,,,,,
42611,4,perfect,743,743,,,,,
42576,4,perfect,840,840,,,,,
65567,4,perfect,532,532,,,,,
56857,4,perfect,798,798,,,,,
44073,4,perfect,906,906,,,,,
41696,5,perfect,742,742,,,,,
54333,3,perfect,380,380,,,,,
70725,4,perfect,750,750,,,,,
29941,3,perfect,826,826,,,,,
67036,5,perfect,941,941,,,,,
42649,4,perfect,779,779,,,,,
80745,3,dropped,0,0,,,,illegal_share_buy,
59207,3,dropped,0,0,,,,illegal_share_buy,
82603,4,perfect,786,786,,,,,
78613,4,dropped,0,0,,,,illegal_share_buy,
74277,3,perfect,467,467,,,,,
63696,4,perfect,404,404,,,,,
70414,4,perfect,773,773,,,,,
65645,4,dropped,0,0,,,,illegal_share_buy,
53643,3,perfect,758,758,,,,,
45451,3,perfect,686,686,,,,,
26990,4,perfect,1069,1069,,,,,
49455,4,perfect,797,797,,,,,
29525,4,perfect,796,796,,,,,
82657,4,perfect,519,519,,,,,
55338,4,perfect,458,458,,,,,
65554,6,perfect,872,872,,,,,
51501,3,perfect,903,903,,,,,
44060,4,perfect,827,827,,,,,
39065,4,perfect,894,894,,,,,
40172,5,dropped,0,0,,,,illegal_share_buy,
65764,4,perfect,928,928,,,,,
55610,4,dropped,0,0,,,,illegal_share_buy,
51247,3,perfect,459,459,,,,,
85621,4,perfect,885,885,,,,,
82572,4,perfect,900,900,,,,,
66085,5,perfect,734,734,,,,,
67209,4,perfect,594,594,,,,,
28897,4,dropped,0,0,,,,cross_president_buy_train,
31400,4,perfect,511,511,,,,,
76140,4,perfect,536,536,,,,,
83665,4,perfect,892,892,,,,,
67931,4,perfect,490,490,,,,,
67096,4,perfect,732,732,,,,,
44072,4,perfect,952,952,,,,,
61520,4,perfect,563,563,,,,,
26846,6,cleaning_error,0,0,,,,,"GameError: Blocking step Sell/Buy/Sell Shares cannot process action Type: LayTile, id: 241, entity: <Company: CS>, hex: [<Hex: B20, tile: town>], tile: [<Tile: 4, hex: None>, rotation: [1]"
29233,4,perfect,469,469,,,,,
84528,4,perfect,329,329,,,,,
30907,4,perfect,481,481,,,,,
27547,3,perfect,836,836,,,,,
72872,4,perfect,841,841,,,,,
70644,4,perfect,684,684,,,,,
66526,5,perfect,822,822,,,,,
44059,4,perfect,508,508,,,,,
81096,2,perfect,732,732,,,,,
74984,4,perfect,455,455,,,,,
61483,4,perfect,491,491,,,,,
42677,4,perfect,867,867,,,,,
61551,6,perfect,564,564,,,,,
60115,4,perfect,608,608,,,,,
77992,4,perfect,409,409,,,,,
70870,4,perfect,825,825,,,,,
81340,5,perfect,468,468,,,,,
55031,6,perfect,590,590,,,,,
37802,3,perfect,935,935,,,,,
65640,5,perfect,574,574,,,,,
79795,4,perfect,891,891,,,,,
64673,5,perfect,399,399,,,,,
70681,4,perfect,411,411,,,,,
57975,4,perfect,461,461,,,,,
70586,3,perfect,954,954,,,,,
42685,4,perfect,777,777,,,,,
60950,4,perfect,883,883,,,,,
82663,4,perfect,855,855,,,,,
29168,5,perfect,376,376,,,,,
42637,4,perfect,869,869,,,,,
60910,4,dropped,0,0,,,,cross_president_buy_train,
67246,5,perfect,450,450,,,,,
44063,4,dropped,0,0,,,,illegal_share_buy,
85173,5,perfect,477,477,,,,,
57652,6,perfect,498,498,,,,,
30553,4,perfect,382,382,,,,,
81582,6,perfect,485,485,,,,,
82593,4,perfect,327,327,,,,,
29317,3,dropped,0,0,,,,illegal_share_buy,
81891,4,perfect,914,914,,,,,
56188,4,perfect,830,830,,,,,
54156,4,dropped,0,0,,,,mis_attributed_corp_action,
70683,4,perfect,512,512,,,,,
46969,4,perfect,356,356,,,,,
76838,4,perfect,847,847,,,,,
51116,4,perfect,771,771,,,,,
79053,3,perfect,614,614,,,,,
70731,4,dropped,0,0,,,,illegal_share_buy,
66692,6,dropped,0,0,,,,cross_player_buy_company,
37787,5,perfect,526,526,,,,,
35306,4,perfect,748,748,,,,,
60855,6,perfect,879,879,,,,,
77789,4,perfect,733,733,,,,,
42669,4,perfect,697,697,,,,,
85171,4,perfect,441,441,,,,,
26836,4,perfect,386,386,,,,,
53607,4,perfect,494,494,,,,,
68265,6,perfect,719,719,,,,,
49451,4,dropped,0,0,,,,illegal_share_buy,
69420,3,perfect,839,839,,,,,
79503,4,dropped,0,0,,,,illegal_share_buy,
30453,4,perfect,418,418,,,,,
41266,6,perfect,416,416,,,,,
43267,6,perfect,885,885,,,,,
70685,4,perfect,489,489,,,,,
52885,4,dropped,0,0,,,,cross_player_buy_company,
60419,5,dropped,0,0,,,,illegal_share_buy,
52963,4,perfect,495,495,,,,,
30624,4,perfect,326,326,,,,,
82133,2,dropped,0,0,,,,illegal_share_buy,
47058,4,perfect,814,814,,,,,
64040,4,perfect,984,984,,,,,
61937,3,perfect,762,762,,,,,
72483,4,perfect,744,744,,,,,
42682,4,perfect,852,852,,,,,
65604,4,dropped,0,0,,,,mh_out_of_turn,
27223,6,dropped,0,0,,,,cross_player_buy_company,
67035,4,perfect,741,741,,,,,
44075,4,perfect,809,809,,,,,
82419,4,perfect,435,435,,,,,
55735,5,perfect,923,923,,,,,
71606,4,perfect,344,344,,,,,
69560,4,perfect,479,479,,,,,
79469,4,perfect,728,728,,,,,
42684,4,perfect,850,850,,,,,
42575,4,perfect,887,887,,,,,
26880,4,perfect,896,896,,,,,
76931,4,perfect,509,509,,,,,
82656,4,dropped,0,0,,,,illegal_share_buy,
29728,3,perfect,437,437,,,,,
35736,4,perfect,446,446,,,,,
82608,4,perfect,720,720,,,,,
79554,5,perfect,538,538,,,,,
49679,4,perfect,485,485,,,,,
39824,5,dropped,0,0,,,,cross_player_buy_company,
41612,5,perfect,565,565,,,,,
79377,4,dropped,0,0,,,,illegal_share_buy,
55222,4,perfect,871,871,,,,,
70656,4,perfect,761,761,,,,,
66326,4,perfect,295,295,,,,,
52872,3,dropped,0,0,,,,illegal_share_buy,
49669,4,perfect,776,776,,,,,
73218,5,perfect,913,913,,,,,
73698,3,perfect,623,623,,,,,
27777,3,perfect,783,783,,,,,
84212,5,perfect,908,908,,,,,
63792,4,perfect,788,788,,,,,
68543,4,perfect,360,360,,,,,
70713,4,perfect,597,597,,,,,
53936,4,dropped,0,0,,,,illegal_share_buy,
73020,4,dropped,0,0,,,,cross_player_buy_company,
71632,4,perfect,914,914,,,,,
56052,4,dropped,0,0,,,,illegal_share_buy,
46849,4,perfect,233,233,,,,,
73219,3,dropped,0,0,,,,illegal_share_buy,
71262,6,perfect,780,780,,,,,
42589,4,perfect,783,783,,,,,
42638,4,perfect,441,441,,,,,
83822,4,perfect,473,473,,,,,
50866,3,perfect,745,745,,,,,
38642,4,perfect,739,739,,,,,
53958,4,perfect,841,841,,,,,
26882,6,perfect,483,483,,,,,
30619,4,perfect,447,447,,,,,
30567,4,perfect,455,455,,,,,
47880,4,perfect,706,706,,,,,
55829,2,perfect,793,793,,,,,
48345,3,dropped,0,0,,,,mh_out_of_turn,
27469,3,perfect,355,355,,,,,
26963,5,dropped,0,0,,,,illegal_share_buy,
48910,4,perfect,969,969,,,,,
59611,5,perfect,512,512,,,,,
41848,5,dropped,0,0,,,,illegal_share_buy,
66980,5,perfect,757,757,,,,,
54998,4,perfect,848,848,,,,,
67890,4,perfect,787,787,,,,,
42624,4,perfect,771,771,,,,,
53126,3,perfect,726,726,,,,,
60927,2,perfect,709,709,,,,,
70131,4,perfect,382,382,,,,,
66633,4,perfect,446,446,,,,,
55064,3,perfect,727,727,,,,,
26998,4,perfect,840,840,,,,,
51002,4,perfect,852,852,,,,,
70636,4,perfect,1033,1033,,,,,
58321,4,perfect,845,845,,,,,
82577,4,perfect,829,829,,,,,
72633,4,perfect,718,718,,,,,
83013,4,perfect,386,386,,,,,
70672,4,perfect,992,992,,,,,
83008,5,dropped,0,0,,,,illegal_share_buy,
62408,4,perfect,864,864,,,,,
69294,5,perfect,454,454,,,,,
42714,4,perfect,681,681,,,,,
70244,4,perfect,497,497,,,,,
74461,4,perfect,714,714,,,,,
57127,3,perfect,715,715,,,,,
75032,4,perfect,753,753,,,,,
29019,5,perfect,870,870,,,,,
48186,3,dropped,0,0,,,,illegal_share_buy,
42652,4,perfect,795,795,,,,,
56124,3,dropped,0,0,,,,illegal_share_buy,
70652,4,perfect,861,861,,,,,
27862,4,perfect,881,881,,,,,
52965,3,perfect,879,879,,,,,
62088,4,perfect,336,336,,,,,
72664,2,perfect,341,341,,,,,
40081,4,perfect,444,444,,,,,
30176,3,dropped,0,0,,,,cross_player_buy_company,
62227,2,dropped,0,0,,,,cross_player_buy_company,
85891,4,perfect,594,594,,,,,
29491,4,perfect,350,350,,,,,
43910,5,perfect,741,741,,,,,
83366,5,perfect,790,790,,,,,
52971,3,perfect,522,522,,,,,
84601,4,perfect,800,800,,,,,
78347,4,perfect,803,803,,,,,
62567,4,dropped,0,0,,,,illegal_share_buy,
76333,4,perfect,730,730,,,,,
28218,4,perfect,798,798,,,,,
36712,4,perfect,821,821,,,,,
81460,4,dropped,0,0,,,,illegal_share_buy,
49579,4,perfect,846,846,,,,,
43902,4,perfect,835,835,,,,,
42173,4,perfect,867,867,,,,,
76264,4,perfect,592,592,,,,,
70622,4,perfect,670,670,,,,,
38588,4,dropped,0,0,,,,illegal_share_buy,
82563,4,perfect,1091,1091,,,,,
82637,4,perfect,841,841,,,,,
69713,2,perfect,356,356,,,,,
82086,4,perfect,411,411,,,,,
50029,3,perfect,872,872,,,,,
27482,4,perfect,790,790,,,,,
82579,4,perfect,380,380,,,,,
81291,4,perfect,868,868,,,,,
82558,4,perfect,742,742,,,,,
39180,4,perfect,430,430,,,,,
54852,4,perfect,876,876,,,,,
30008,4,perfect,789,789,,,,,
74081,5,perfect,929,929,,,,,
29820,4,perfect,464,464,,,,,
44230,4,perfect,773,773,,,,,
55461,5,dropped,0,0,,,,illegal_share_buy,
51645,4,dropped,0,0,,,,illegal_share_buy,
85254,4,perfect,399,399,,,,,
74998,4,dropped,0,0,,,,mh_out_of_turn,
56499,4,perfect,450,450,,,,,
27514,3,cleaning_error,0,0,,,,,"GameError: Blocking step Sell/Buy/Sell Shares cannot process action Type: LayTile, id: 156, entity: <Company: DH>, hex: [<Hex: F16, tile: F16>], tile: [<Tile: 57, hex: None>, rotation: [0]"
82618,4,perfect,864,864,,,,,
63411,4,perfect,453,453,,,,,
42607,4,perfect,461,461,,,,,
42622,4,perfect,407,407,,,,,
56985,5,perfect,877,877,,,,,
62992,6,dropped,0,0,,,,illegal_share_buy,
37774,4,perfect,797,797,,,,,
77669,5,perfect,360,360,,,,,
48199,4,perfect,889,889,,,,,
85657,5,dropped,0,0,,,,other,
70627,4,perfect,822,822,,,,,
50365,4,perfect,456,456,,,,,
27140,5,perfect,809,809,,,,,
41530,4,perfect,558,558,,,,,
82580,4,perfect,953,953,,,,,
76555,3,perfect,703,703,,,,,
72888,4,perfect,761,761,,,,,
54239,4,perfect,352,352,,,,,
41334,5,perfect,898,898,,,,,
61812,4,perfect,645,645,,,,,
58869,5,dropped,0,0,,,,illegal_share_buy,
76763,4,perfect,780,780,,,,,
81328,6,perfect,1035,1035,,,,,
35100,3,perfect,543,543,,,,,
76998,4,perfect,1007,1007,,,,,
28191,3,perfect,379,379,,,,,
57100,4,dropped,0,0,,,,illegal_share_buy,
31050,3,dropped,0,0,,,,cross_player_buy_company,
79363,4,perfect,784,784,,,,,
81093,4,perfect,382,382,,,,,
80251,4,perfect,839,839,,,,,
56575,4,perfect,438,438,,,,,
42711,4,perfect,850,850,,,,,
38416,4,perfect,773,773,,,,,
59146,5,perfect,855,855,,,,,
39315,4,perfect,339,339,,,,,
42672,4,dropped,0,0,,,,illegal_share_buy,
75780,5,perfect,974,974,,,,,
30776,4,perfect,390,390,,,,,
37371,4,perfect,477,477,,,,,
82605,4,perfect,897,897,,,,,
36916,4,dropped,0,0,,,,mh_out_of_turn,
58214,4,perfect,377,377,,,,,
75055,4,perfect,904,904,,,,,
54606,3,dropped,0,0,,,,cross_player_buy_company,
37895,5,perfect,712,712,,,,,
79029,5,perfect,428,428,,,,,
75736,5,perfect,354,354,,,,,
84191,4,dropped,0,0,,,,cross_player_buy_company,
65336,4,dropped,0,0,,,,illegal_share_buy,
38226,4,perfect,360,360,,,,,
26862,5,perfect,922,922,,,,,
42592,4,perfect,490,490,,,,,
53245,2,dropped,0,0,,,,cross_president_buy_train,
52458,4,dropped,0,0,,,,illegal_share_buy,
64634,4,dropped,0,0,,,,illegal_share_buy,
47834,4,perfect,435,435,,,,,
77527,6,dropped,0,0,,,,illegal_share_buy,
70686,4,perfect,338,338,,,,,
48362,3,perfect,797,797,,,,,
70741,4,perfect,732,732,,,,,
26861,4,perfect,797,797,,,,,
66502,5,perfect,994,994,,,,,
82875,3,perfect,711,711,,,,,
65696,6,perfect,795,795,,,,,
70714,4,perfect,855,855,,,,,
42281,5,dropped,0,0,,,,illegal_share_buy,
53592,4,perfect,471,471,,,,,
55383,4,perfect,450,450,,,,,
70648,4,perfect,774,774,,,,,
29009,5,perfect,402,402,,,,,
66130,4,perfect,706,706,,,,,
82632,4,perfect,856,856,,,,,
82667,4,perfect,410,410,,,,,
58443,5,perfect,885,885,,,,,
55505,5,perfect,459,459,,,,,
30636,4,perfect,275,275,,,,,
46231,5,perfect,859,859,,,,,
41788,4,perfect,759,759,,,,,
54483,6,perfect,460,460,,,,,
55143,4,perfect,567,567,,,,,
42632,4,perfect,396,396,,,,,
85604,2,perfect,674,674,,,,,
42614,4,perfect,989,989,,,,,
75361,6,perfect,847,847,,,,,
59778,2,dropped,0,0,,,,illegal_share_buy,
57825,6,perfect,979,979,,,,,
73014,4,perfect,805,805,,,,,
70689,4,perfect,497,497,,,,,
42558,3,perfect,827,827,,,,,
45900,5,dropped,0,0,,,,illegal_share_buy,
79779,6,perfect,514,514,,,,,
42715,4,perfect,686,686,,,,,
72224,3,dropped,0,0,,,,cross_president_buy_train,
70687,4,perfect,857,857,,,,,
59612,4,perfect,368,368,,,,,
77974,5,dropped,0,0,,,,cross_president_buy_train,
29928,4,perfect,834,834,,,,,
31590,5,dropped,0,0,,,,cross_player_buy_company,
48539,4,perfect,844,844,,,,,
54274,4,perfect,689,689,,,,,
27673,4,perfect,806,806,,,,,
70619,4,perfect,382,382,,,,,
78981,4,perfect,778,778,,,,,
30187,4,perfect,509,509,,,,,
42662,4,perfect,799,799,,,,,
81376,4,perfect,439,439,,,,,
68853,4,perfect,464,464,,,,,
67729,5,perfect,739,739,,,,,
53846,4,perfect,956,956,,,,,
83785,5,dropped,0,0,,,,illegal_share_buy,
27494,4,dropped,0,0,,,,illegal_share_buy,
59578,4,dropped,0,0,,,,illegal_share_buy,
73021,4,perfect,769,769,,,,,
29554,5,perfect,435,435,,,,,
76391,4,perfect,743,743,,,,,
82590,4,perfect,886,886,,,,,
60157,5,perfect,873,873,,,,,
42689,4,dropped,0,0,,,,illegal_share_buy,
45747,4,perfect,967,967,,,,,
70736,4,dropped,0,0,,,,illegal_share_buy,
42691,4,perfect,895,895,,,,,
65777,3,perfect,675,675,,,,,
59615,4,perfect,711,711,,,,,
53275,4,perfect,528,528,,,,,
70734,4,perfect,477,477,,,,,
44078,4,perfect,550,550,,,,,
42299,5,perfect,629,629,,,,,
55296,3,perfect,857,857,,,,,
42504,4,perfect,414,414,,,,,
82634,4,perfect,852,852,,,,,
68473,4,perfect,771,771,,,,,
82652,4,perfect,407,407,,,,,
44669,4,dropped,0,0,,,,illegal_share_buy,
65870,4,perfect,787,787,,,,,
46114,4,perfect,448,448,,,,,
26823,4,dropped,0,0,,,,illegal_share_buy,
30067,4,perfect,551,551,,,,,
28119,3,perfect,759,759,,,,,
42618,4,perfect,806,806,,,,,
64071,4,perfect,932,932,,,,,
49846,3,perfect,705,705,,,,,
45878,4,perfect,985,985,,,,,
60690,4,perfect,699,699,,,,,
58491,4,perfect,335,335,,,,,
43022,3,perfect,857,857,,,,,
28557,4,perfect,386,386,,,,,
49323,4,perfect,433,433,,,,,
81901,4,perfect,204,204,,,,,
42625,4,perfect,810,810,,,,,
74730,4,dropped,0,0,,,,illegal_share_buy,
88330,4,perfect,403,403,,,,,
67367,6,perfect,659,659,,,,,
68680,4,dropped,0,0,,,,illegal_share_buy,
42594,4,perfect,1028,1028,,,,,
70730,4,perfect,863,863,,,,,
70733,4,perfect,882,882,,,,,
54433,4,perfect,509,509,,,,,
70663,4,dropped,0,0,,,,illegal_share_buy,
49974,4,perfect,858,858,,,,,
57801,5,dropped,0,0,,,,mh_out_of_turn,
29853,5,dropped,0,0,,,,cross_president_buy_train,
64174,6,perfect,943,943,,,,,
70674,4,perfect,734,734,,,,,
42578,4,perfect,532,532,,,,,
82607,4,perfect,862,862,,,,,
70720,4,perfect,759,759,,,,,
82636,4,perfect,746,746,,,,,
58063,5,perfect,840,840,,,,,
87454,4,dropped,0,0,,,,illegal_share_buy,
57622,3,perfect,1010,1010,,,,,
41516,5,perfect,982,982,,,,,
68026,5,perfect,822,822,,,,,
61098,4,perfect,493,493,,,,,
77757,2,perfect,668,668,,,,,
26830,5,perfect,399,399,,,,,
38230,6,perfect,851,851,,,,,
82587,4,perfect,477,477,,,,,
52640,4,perfect,415,415,,,,,
82630,4,perfect,762,762,,,,,
66228,5,perfect,600,600,,,,,
78920,4,perfect,783,783,,,,,
32034,4,perfect,472,472,,,,,
77231,4,perfect,521,521,,,,,
49088,5,dropped,0,0,,,,illegal_share_buy,
80008,4,perfect,759,759,,,,,
81905,5,perfect,447,447,,,,,
72950,4,perfect,988,988,,,,,
42588,4,perfect,368,368,,,,,
78680,3,perfect,425,425,,,,,
54482,5,perfect,484,484,,,,,
56422,4,perfect,525,525,,,,,
69201,4,perfect,460,460,,,,,
51853,5,perfect,495,495,,,,,
69288,5,perfect,920,920,,,,,
82666,4,perfect,797,797,,,,,
69063,4,perfect,889,889,,,,,
48129,5,perfect,638,638,,,,,
42680,4,perfect,728,728,,,,,
75128,4,perfect,537,537,,,,,
41808,4,perfect,499,499,,,,,
73598,3,perfect,678,678,,,,,
82619,4,perfect,803,803,,,,,
72029,5,perfect,827,827,,,,,
80476,3,perfect,851,851,,,,,
41952,4,perfect,577,577,,,,,
67678,3,perfect,750,750,,,,,
72865,4,perfect,800,800,,,,,
39586,3,perfect,761,761,,,,,
26989,4,perfect,444,444,,,,,
42650,4,perfect,887,887,,,,,
42690,4,perfect,459,459,,,,,
54533,4,perfect,412,412,,,,,
52735,4,perfect,891,891,,,,,
70717,4,perfect,906,906,,,,,
37988,3,dropped,0,0,,,,illegal_share_buy,
76855,4,perfect,769,769,,,,,
69170,5,dropped,0,0,,,,illegal_share_buy,
48355,4,perfect,768,768,,,,,
70707,4,perfect,725,725,,,,,
30013,5,dropped,0,0,,,,cross_president_buy_train,
70677,4,perfect,539,539,,,,,
69764,4,dropped,0,0,,,,illegal_share_buy,
61133,4,perfect,920,920,,,,,
26903,4,perfect,598,598,,,,,
69829,4,perfect,660,660,,,,,
78787,5,dropped,0,0,,,,other,
82599,4,perfect,736,736,,,,,
71064,5,dropped,0,0,,,,illegal_share_buy,
40020,3,perfect,700,700,,,,,
64962,4,perfect,601,601,,,,,
29998,4,perfect,384,384,,,,,
65407,4,perfect,853,853,,,,,
70611,4,perfect,536,536,,,,,
65178,5,dropped,0,0,,,,illegal_share_buy,
29852,5,perfect,689,689,,,,,
78689,3,perfect,696,696,,,,,
39515,5,perfect,891,891,,,,,
86432,3,dropped,0,0,,,,illegal_share_buy,
70919,4,perfect,909,909,,,,,
70658,4,perfect,859,859,,,,,
49955,4,perfect,813,813,,,,,
30617,4,perfect,448,448,,,,,
70635,4,perfect,331,331,,,,,
82585,4,perfect,704,704,,,,,
64544,4,perfect,318,318,,,,,
81722,4,perfect,425,425,,,,,
70700,4,perfect,490,490,,,,,
82670,4,dropped,0,0,,,,illegal_share_buy,
71542,4,perfect,903,903,,,,,
44464,4,perfect,931,931,,,,,
66662,4,perfect,652,652,,,,,
41573,3,perfect,650,650,,,,,
27010,5,dropped,0,0,,,,illegal_share_buy,
82651,4,perfect,887,887,,,,,
63142,4,perfect,854,854,,,,,
65332,4,perfect,497,497,,,,,
36749,5,dropped,0,0,,,,illegal_share_buy,
56141,4,perfect,411,411,,,,,
58939,4,dropped,0,0,,,,illegal_share_buy,
56081,3,dropped,0,0,,,,illegal_share_buy,
61213,3,perfect,686,686,,,,,
42587,4,perfect,954,954,,,,,
84885,4,perfect,777,777,,,,,
42605,4,perfect,434,434,,,,,
59120,4,perfect,497,497,,,,,
70670,4,perfect,494,494,,,,,
70859,4,dropped,0,0,,,,illegal_share_buy,
50823,4,perfect,458,458,,,,,
62368,5,dropped,0,0,,,,illegal_share_buy,
73490,5,dropped,0,0,,,,illegal_share_buy,
84748,3,dropped,0,0,,,,illegal_share_buy,
28034,5,perfect,471,471,,,,,
28211,4,perfect,478,478,,,,,
82073,5,perfect,904,904,,,,,
48746,4,perfect,811,811,,,,,
40721,4,perfect,824,824,,,,,
53744,4,perfect,892,892,,,,,
27599,5,perfect,888,888,,,,,
42590,4,perfect,873,873,,,,,
60149,5,perfect,495,495,,,,,
64303,5,perfect,775,775,,,,,
43984,5,perfect,930,930,,,,,
70668,4,perfect,388,388,,,,,
37768,4,perfect,876,876,,,,,
44586,3,dropped,0,0,,,,illegal_share_buy,
81554,4,perfect,902,902,,,,,
70887,4,perfect,149,149,,,,,
38560,4,perfect,469,469,,,,,
47414,4,perfect,796,796,,,,,
64231,3,perfect,791,791,,,,,
57799,4,perfect,858,858,,,,,
88484,2,perfect,802,802,,,,,
30795,3,cleaning_error,0,0,,,,,"GameError: Blocking step Run Routes cannot process action Type: PlaceToken, id: 330, entity: <Corporation: C&O>, city: [<City: hex: E11>, paths: [<Path: hex: E11, exit: [0], track: broad>], exits: [0], lanes: [1, 0], revenue: {'yellow': 40, 'green': 40, 'brown': 40, 'gray': 40, 'diesel': 40}, groups"
46648,4,perfect,791,791,,,,,
68649,4,perfect,861,861,,,,,
82554,4,perfect,780,780,,,,,
31333,4,perfect,786,786,,,,,
70684,4,perfect,388,388,,,,,
78923,4,perfect,787,787,,,,,
31405,4,perfect,339,339,,,,,
64546,6,perfect,531,531,,,,,
83289,5,dropped,0,0,,,,illegal_share_buy,
71130,4,dropped,0,0,,,,illegal_share_buy,
67491,6,perfect,560,560,,,,,
82571,4,perfect,870,870,,,,,
37366,4,dropped,0,0,,,,illegal_share_buy,
78431,5,dropped,0,0,,,,mh_out_of_turn,
59313,3,perfect,817,817,,,,,
43042,4,dropped,0,0,,,,mh_out_of_turn,
57898,3,perfect,773,773,,,,,
70659,4,perfect,491,491,,,,,
79107,5,perfect,510,510,,,,,
29000,3,perfect,764,764,,,,,
27033,4,perfect,754,754,,,,,
82623,4,perfect,353,353,,,,,
68969,5,perfect,424,424,,,,,
26831,4,perfect,660,660,,,,,
36914,4,perfect,385,385,,,,,
59626,4,dropped,0,0,,,,cross_president_buy_train,
56045,4,perfect,925,925,,,,,
44395,4,perfect,902,902,,,,,
66241,3,perfect,630,630,,,,,
26844,4,perfect,900,900,,,,,
35620,6,dropped,0,0,,,,cross_player_buy_company,
78995,3,perfect,692,692,,,,,
54517,4,perfect,597,597,,,,,
82642,4,perfect,730,730,,,,,
40676,5,dropped,0,0,,,,illegal_share_buy,
70637,4,perfect,765,765,,,,,
82550,4,perfect,377,377,,,,,
70629,4,perfect,937,937,,,,,
41300,5,perfect,336,336,,,,,
60746,6,perfect,487,487,,,,,
41059,4,perfect,731,731,,,,,
52376,4,perfect,811,811,,,,,
70704,4,perfect,908,908,,,,,
45662,3,perfect,710,710,,,,,
53699,3,perfect,898,898,,,,,
73610,4,perfect,906,906,,,,,
57742,4,perfect,452,452,,,,,
80201,4,perfect,944,944,,,,,
68722,3,perfect,849,849,,,,,
65969,5,perfect,341,341,,,,,
87050,5,perfect,505,505,,,,,
72841,3,perfect,414,414,,,,,
62024,4,perfect,381,381,,,,,
35124,4,perfect,740,740,,,,,
53430,4,perfect,558,558,,,,,
70693,4,perfect,974,974,,,,,
84183,5,perfect,511,511,,,,,
59241,5,dropped,0,0,,,,illegal_share_buy,
42564,4,perfect,355,355,,,,,
38330,4,perfect,762,762,,,,,
65176,6,perfect,400,400,,,,,
32049,4,dropped,0,0,,,,illegal_share_buy,
65321,6,dropped,0,0,,,,cross_president_buy_train,
54808,3,dropped,0,0,,,,illegal_share_buy,
61195,4,perfect,812,812,,,,,
42573,4,perfect,542,542,,,,,
63698,3,perfect,668,668,,,,,
37390,3,perfect,611,611,,,,,
42586,4,perfect,714,714,,,,,
62664,4,perfect,923,923,,,,,
65459,5,perfect,987,987,,,,,
42698,4,perfect,703,703,,,,,
73996,4,perfect,358,358,,,,,
30189,5,perfect,572,572,,,,,
70675,4,perfect,469,469,,,,,
31330,3,perfect,479,479,,,,,
63009,4,perfect,815,815,,,,,
63322,5,perfect,855,855,,,,,
30532,4,perfect,725,725,,,,,
54565,6,perfect,506,506,,,,,
70688,4,perfect,776,776,,,,,
67145,3,perfect,639,639,,,,,
69198,4,perfect,849,849,,,,,
29947,6,cleaning_error,0,0,,,,,GameError: NYC cannot lay token - remaining token slots are reserved on 68-0-1 E11
74978,4,perfect,930,930,,,,,
27652,5,dropped,0,0,,,,illegal_share_buy,
41301,5,dropped,0,0,,,,illegal_share_buy,
76394,5,perfect,872,872,,,,,
54267,3,perfect,818,818,,,,,
67340,3,perfect,530,530,,,,,
42670,4,perfect,370,370,,,,,
27146,5,perfect,506,506,,,,,
37185,4,perfect,760,760,,,,,
63690,3,perfect,682,682,,,,,
73854,4,perfect,427,427,,,,,
39085,5,perfect,471,471,,,,,
36182,4,perfect,769,769,,,,,
82431,6,perfect,916,916,,,,,
26847,4,perfect,844,844,,,,,
72863,4,perfect,803,803,,,,,
56519,4,perfect,781,781,,,,,
77323,3,perfect,899,899,,,,,
42628,4,perfect,789,789,,,,,
82600,4,perfect,888,888,,,,,
71340,5,perfect,479,479,,,,,
65364,4,perfect,404,404,,,,,
70517,5,perfect,759,759,,,,,
42686,4,perfect,794,794,,,,,
74334,4,dropped,0,0,,,,illegal_share_buy,
42705,4,perfect,351,351,,,,,
35210,3,perfect,321,321,,,,,
85445,4,dropped,0,0,,,,illegal_share_buy,
61561,4,perfect,858,858,,,,,
55229,6,perfect,1111,1111,,,,,
40149,5,perfect,481,481,,,,,
27491,4,perfect,843,843,,,,,
47870,5,perfect,829,829,,,,,
37536,4,perfect,653,653,,,,,
58439,4,perfect,735,735,,,,,
26869,5,perfect,556,556,,,,,
48181,5,perfect,715,715,,,,,
56660,4,perfect,378,378,,,,,
46929,3,perfect,715,715,,,,,
70651,4,perfect,889,889,,,,,
70709,4,perfect,863,863,,,,,
70726,4,perfect,953,953,,,,,
82649,4,perfect,426,426,,,,,
41372,4,dropped,0,0,,,,cross_president_buy_train,
65426,5,perfect,883,883,,,,,
63626,4,perfect,954,954,,,,,
64068,5,perfect,834,834,,,,,
28489,4,perfect,808,808,,,,,
67664,4,perfect,785,785,,,,,
39100,5,perfect,958,958,,,,,
78111,6,perfect,474,474,,,,,
75720,5,dropped,0,0,,,,illegal_share_buy,
41307,4,perfect,778,778,,,,,
37403,4,perfect,936,936,,,,,
38188,5,perfect,790,790,,,,,
55234,3,perfect,404,404,,,,,
56733,4,perfect,391,391,,,,,
28171,4,perfect,820,820,,,,,
87543,4,perfect,645,645,,,,,
42774,5,perfect,954,954,,,,,
27686,4,perfect,511,511,,,,,
42620,4,perfect,717,717,,,,,
50513,4,perfect,779,779,,,,,
45018,5,perfect,805,805,,,,,
44255,4,perfect,809,809,,,,,
63963,4,perfect,731,731,,,,,
54597,4,perfect,705,705,,,,,
29956,3,dropped,0,0,,,,cross_president_buy_train,
67458,2,perfect,638,638,,,,,
64113,4,perfect,523,523,,,,,
62923,4,perfect,274,274,,,,,
57508,6,perfect,1127,1127,,,,,
26845,6,perfect,428,428,,,,,
79115,4,perfect,896,896,,,,,
66059,6,perfect,533,533,,,,,
57541,3,dropped,0,0,,,,illegal_share_buy,
79182,4,perfect,373,373,,,,,
46056,4,dropped,0,0,,,,illegal_share_buy,
36746,5,perfect,731,731,,,,,
82395,4,perfect,627,627,,,,,
57980,4,dropped,0,0,,,,illegal_share_buy,
58550,4,perfect,745,745,,,,,
73453,2,dropped,0,0,,,,illegal_share_buy,
46511,4,dropped,0,0,,,,illegal_share_buy,
65689,4,perfect,927,927,,,,,
41274,4,dropped,0,0,,,,cross_player_buy_company,
70645,4,perfect,882,882,,,,,
37302,4,perfect,408,408,,,,,
82675,4,perfect,879,879,,,,,
70660,4,perfect,886,886,,,,,
75173,5,dropped,0,0,,,,illegal_share_buy,
76384,4,perfect,817,817,,,,,
81087,5,perfect,894,894,,,,,
42696,4,perfect,496,496,,,,,
27919,6,perfect,483,483,,,,,
71078,5,perfect,523,523,,,,,
41682,3,dropped,0,0,,,,illegal_share_buy,
76915,5,dropped,0,0,,,,illegal_share_buy,
87433,4,perfect,926,926,,,,,
65260,4,perfect,985,985,,,,,
54845,4,perfect,554,554,,,,,
38493,3,perfect,849,849,,,,,
44458,4,perfect,554,554,,,,,
63618,5,dropped,0,0,,,,illegal_share_buy,
70673,4,perfect,960,960,,,,,
45675,4,perfect,878,878,,,,,
42570,4,perfect,353,353,,,,,
70690,4,perfect,351,351,,,,,
82617,4,perfect,815,815,,,,,
50669,3,perfect,703,703,,,,,
70691,4,perfect,689,689,,,,,
44251,5,cleaning_error,0,0,,,,,Exception: Not a buyable train
42644,4,perfect,782,782,,,,,
82556,4,perfect,750,750,,,,,
67809,3,perfect,769,769,,,,,
82576,4,perfect,794,794,,,,,
70715,4,perfect,397,397,,,,,
40212,4,perfect,941,941,,,,,
82687,3,perfect,425,425,,,,,
82673,4,perfect,301,301,,,,,
82621,4,perfect,764,764,,,,,
36616,4,perfect,957,957,,,,,
42719,4,perfect,457,457,,,,,
74019,4,perfect,448,448,,,,,
76499,5,perfect,398,398,,,,,
64640,5,perfect,592,592,,,,,
70424,4,perfect,887,887,,,,,
69218,4,dropped,0,0,,,,illegal_share_buy,
82592,4,perfect,850,850,,,,,
61781,5,cleaning_error,0,0,,,,,Exception: Not a buyable train
40366,3,dropped,0,0,,,,illegal_share_buy,
70649,4,perfect,550,550,,,,,
82622,4,perfect,902,902,,,,,
55387,4,perfect,977,977,,,,,
46665,5,perfect,515,515,,,,,
66959,4,dropped,0,0,,,,illegal_share_buy,
56530,3,perfect,706,706,,,,,
70727,4,perfect,407,407,,,,,
35071,5,perfect,830,830,,,,,
88767,4,perfect,872,872,,,,,
31519,6,perfect,898,898,,,,,
71972,4,perfect,754,754,,,,,
42668,4,perfect,740,740,,,,,
52644,4,perfect,1000,1000,,,,,
47233,4,perfect,846,846,,,,,
78604,4,perfect,775,775,,,,,
70739,4,dropped,0,0,,,,illegal_share_buy,
82031,4,perfect,572,572,,,,,
74514,2,perfect,713,713,,,,,
41276,6,perfect,552,552,,,,,
59553,3,perfect,331,331,,,,,
82127,5,dropped,0,0,,,,illegal_share_buy,
53520,4,perfect,416,416,,,,,
82863,5,perfect,955,955,,,,,
79245,5,dropped,0,0,,,,illegal_share_buy,
39350,4,dropped,0,0,,,,cross_president_buy_train,
70697,4,dropped,0,0,,,,illegal_share_buy,
54080,2,dropped,0,0,,,,cross_president_buy_train,
51110,4,perfect,837,837,,,,,
44071,4,perfect,475,475,,,,,
82548,4,perfect,359,359,,,,,
58120,2,perfect,728,728,,,,,
38868,5,perfect,481,481,,,,,
61329,5,dropped,0,0,,,,cross_president_buy_train,
70610,4,perfect,1018,1018,,,,,
42562,4,perfect,876,876,,,,,
49431,5,perfect,643,643,,,,,
59195,4,perfect,480,480,,,,,
47571,4,perfect,693,693,,,,,
84398,5,perfect,649,649,,,,,
35148,4,dropped,0,0,,,,cross_president_buy_train,
42665,4,perfect,453,453,,,,,
41091,6,dropped,0,0,,,,illegal_share_buy,
35257,3,perfect,745,745,,,,,
35286,4,perfect,414,414,,,,,
82664,4,perfect,337,337,,,,,
73931,3,dropped,0,0,,,,illegal_share_buy,
38620,5,perfect,465,465,,,,,
76770,4,perfect,294,294,,,,,
58216,5,perfect,418,418,,,,,
70609,4,perfect,866,866,,,,,
74792,4,perfect,544,544,,,,,
37817,5,perfect,745,745,,,,,
53403,3,dropped,0,0,,,,illegal_share_buy,
77272,2,dropped,0,0,,,,illegal_share_buy,
70694,4,perfect,737,737,,,,,
73767,4,perfect,776,776,,,,,
82616,4,perfect,699,699,,,,,
59045,4,perfect,870,870,,,,,
39485,4,perfect,332,332,,,,,
83307,3,perfect,354,354,,,,,
48825,5,dropped,0,0,,,,illegal_share_buy,
77265,4,dropped,0,0,,,,illegal_share_buy,
65538,6,perfect,410,410,,,,,
65624,4,perfect,766,766,,,,,
43158,3,perfect,611,611,,,,,
42695,4,perfect,844,844,,,,,
42457,3,perfect,394,394,,,,,
62926,5,cleaning_error,0,0,,,,,"GameError: Blocking step Buy Companies cannot process action Type: LayTile, id: 184, entity: <Corporation: B&O>, hex: [<Hex: G17, tile: G17>], tile: [<Tile: 2, hex: None>, rotation: [0]"
82335,4,dropped,0,0,,,,illegal_share_buy,
70667,4,perfect,810,810,,,,,
82627,4,perfect,899,899,,,,,
26909,4,perfect,973,973,,,,,
70201,4,perfect,807,807,,,,,
77434,6,perfect,557,557,,,,,
27054,6,perfect,476,476,,,,,
84055,5,dropped,0,0,,,,illegal_share_buy,
70911,4,dropped,0,0,,,,cross_player_buy_company,
79402,3,perfect,824,824,,,,,
56040,5,perfect,594,594,,,,,
82613,4,perfect,915,915,,,,,
76322,4,perfect,476,476,,,,,
27233,3,perfect,754,754,,,,,
30605,4,perfect,482,482,,,,,
70699,4,perfect,844,844,,,,,
30168,5,cleaning_error,0,0,,,,,GameError: PRR cannot lay token - remaining token slots are reserved on 67-0-0 E11
29322,3,dropped,0,0,,,,illegal_share_buy,
86492,4,perfect,549,549,,,,,
57613,4,perfect,341,341,,,,,
82597,4,perfect,565,565,,,,,
82595,4,perfect,442,442,,,,,
74852,6,dropped,0,0,,,,illegal_share_buy,
38741,4,perfect,445,445,,,,,
76010,5,perfect,746,746,,,,,
57912,4,perfect,754,754,,,,,
42675,4,perfect,885,885,,,,,
66357,5,dropped,0,0,,,,mh_out_of_turn,
36551,4,perfect,745,745,,,,,
48861,4,perfect,548,548,,,,,
70616,4,perfect,367,367,,,,,
61058,4,perfect,786,786,,,,,
42623,4,perfect,792,792,,,,,
40895,4,perfect,449,449,,,,,
70555,2,perfect,710,710,,,,,
40224,4,perfect,939,939,,,,,
82594,4,perfect,492,492,,,,,
77011,5,dropped,0,0,,,,illegal_share_buy,
42634,4,perfect,426,426,,,,,
82591,4,perfect,570,570,,,,,
39438,4,perfect,359,359,,,,,
80909,4,perfect,845,845,,,,,
67721,4,dropped,0,0,,,,cross_player_buy_company,
62039,2,perfect,780,780,,,,,
72546,4,perfect,845,845,,,,,
50643,5,perfect,446,446,,,,,
64615,5,perfect,144,144,,,,,
65132,5,perfect,649,649,,,,,
41832,4,perfect,738,738,,,,,
54172,5,perfect,737,737,,,,,
82065,4,perfect,955,955,,,,,
42599,4,perfect,830,830,,,,,
37034,6,perfect,787,787,,,,,
56737,5,dropped,0,0,,,,illegal_share_buy,
82417,3,dropped,0,0,,,,illegal_share_buy,
42635,4,perfect,474,474,,,,,
70657,4,perfect,955,955,,,,,
70669,4,perfect,369,369,,,,,
50033,4,perfect,546,546,,,,,
44661,5,perfect,865,865,,,,,
42697,4,perfect,884,884,,,,,
44080,4,perfect,807,807,,,,,
71009,4,perfect,930,930,,,,,
74647,4,dropped,0,0,,,,illegal_share_buy,
59839,6,perfect,742,742,,,,,
42633,4,perfect,791,791,,,,,
42687,4,dropped,0,0,,,,illegal_share_buy,
38499,3,dropped,0,0,,,,illegal_share_buy,
51153,3,perfect,946,946,,,,,
55016,5,perfect,903,903,,,,,
44081,4,perfect,815,815,,,,,
71123,4,perfect,892,892,,,,,
74485,6,dropped,0,0,,,,illegal_share_buy,
55846,4,perfect,847,847,,,,,
39984,3,dropped,0,0,,,,illegal_share_buy,
28529,4,dropped,0,0,,,,illegal_share_buy,
44320,4,perfect,815,815,,,,,
76637,3,dropped,0,0,,,,cross_player_buy_company,
76105,4,perfect,537,537,,,,,
70723,4,perfect,492,492,,,,,
70204,4,dropped,0,0,,,,illegal_share_buy,
54964,5,perfect,488,488,,,,,
60805,4,perfect,960,960,,,,,
57819,4,perfect,520,520,,,,,
41753,3,perfect,951,951,,,,,
69981,4,perfect,901,901,,,,,
52893,4,perfect,967,967,,,,,
63248,4,perfect,765,765,,,,,
51111,5,perfect,382,382,,,,,
53268,5,dropped,0,0,,,,illegal_share_buy,
47748,6,perfect,1083,1083,,,,,
29959,5,perfect,426,426,,,,,
57286,4,perfect,436,436,,,,,
68480,5,perfect,876,876,,,,,
50574,4,perfect,739,739,,,,,
64386,3,perfect,861,861,,,,,
80925,4,perfect,484,484,,,,,
44070,4,perfect,912,912,,,,,
82650,4,perfect,952,952,,,,,
70943,4,perfect,436,436,,,,,
83909,4,perfect,359,359,,,,,
82626,4,perfect,820,820,,,,,
49902,4,dropped,0,0,,,,mh_out_of_turn,
47753,5,dropped,0,0,,,,illegal_share_buy,
35415,4,perfect,942,942,,,,,
49984,4,perfect,945,945,,,,,
37231,3,perfect,553,553,,,,,
60031,4,perfect,909,909,,,,,
30507,5,perfect,492,492,,,,,
51120,4,perfect,397,397,,,,,
42636,4,perfect,884,884,,,,,
84427,4,perfect,786,786,,,,,
75254,4,perfect,733,733,,,,,
70613,4,perfect,495,495,,,,,
26972,4,perfect,374,374,,,,,
83308,4,perfect,809,809,,,,,
42065,6,dropped,0,0,,,,illegal_share_buy,
37610,5,dropped,0,0,,,,illegal_share_buy,
73299,4,perfect,416,416,,,,,
70732,4,perfect,328,328,,,,,
67803,6,perfect,531,531,,,,,
61787,4,perfect,842,842,,,,,
43906,3,perfect,351,351,,,,,
58744,5,perfect,920,920,,,,,
59480,6,perfect,818,818,,,,,
70625,4,perfect,822,822,,,,,
67872,5,perfect,992,992,,,,,
40370,4,dropped,0,0,,,,cross_player_buy_company,
35035,3,perfect,712,712,,,,,
47236,4,perfect,545,545,,,,,
43241,5,perfect,383,383,,,,,
27020,4,perfect,782,782,,,,,
44069,4,perfect,249,249,,,,,
66598,3,perfect,906,906,,,,,
30325,4,perfect,505,505,,,,,
70719,4,perfect,523,523,,,,,
83277,4,dropped,0,0,,,,cross_president_buy_train,
26863,3,perfect,702,702,,,,,
42674,4,perfect,906,906,,,,,
30744,4,perfect,307,307,,,,,
61010,5,perfect,912,912,,,,,
66274,3,perfect,820,820,,,,,
81509,4,perfect,755,755,,,,,
46036,3,perfect,854,854,,,,,
82639,4,perfect,738,738,,,,,
47805,3,perfect,363,363,,,,,
27532,5,perfect,497,497,,,,,
42667,4,perfect,701,701,,,,,
66869,3,perfect,822,822,,,,,
42703,4,perfect,874,874,,,,,
46075,4,perfect,423,423,,,,,
42425,6,perfect,474,474,,,,,
70620,4,perfect,736,736,,,,,
31929,4,perfect,413,413,,,,,
54689,4,perfect,344,344,,,,,
39544,5,perfect,524,524,,,,,
65968,4,dropped,0,0,,,,illegal_share_buy,
41190,4,perfect,870,870,,,,,
77832,4,dropped,0,0,,,,illegal_share_buy,
69977,4,perfect,735,735,,,,,
57134,4,perfect,399,399,,,,,
29796,4,perfect,882,882,,,,,
64355,4,dropped,0,0,,,,cross_president_buy_train,
58218,6,cleaning_error,0,0,,,,,"GameError: Blocking step Buy Companies cannot process action Type: LayTile, id: 204, entity: <Corporation: NYNH>, hex: [<Hex: G19, tile: G19>], tile: [<Tile: 54, hex: None>, rotation: [0]"
42700,4,perfect,798,798,,,,,
82624,4,perfect,879,879,,,,,
42701,4,perfect,421,421,,,,,
77794,4,perfect,489,489,,,,,
43831,4,perfect,759,759,,,,,
53918,4,perfect,389,389,,,,,
72949,4,perfect,377,377,,,,,
39260,4,perfect,926,926,,,,,
83375,5,perfect,878,878,,,,,
35913,5,perfect,560,560,,,,,
83579,5,perfect,420,420,,,,,
58275,4,perfect,824,824,,,,,
63148,6,perfect,715,715,,,,,
53808,4,perfect,875,875,,,,,
70696,4,perfect,508,508,,,,,
64876,5,perfect,811,811,,,,,
29072,4,perfect,613,613,,,,,
26856,3,perfect,878,878,,,,,
36022,5,perfect,842,842,,,,,
27131,4,perfect,471,471,,,,,
39543,4,dropped,0,0,,,,cross_president_buy_train,
61340,4,perfect,985,985,,,,,
48637,4,perfect,678,678,,,,,
33324,5,perfect,815,815,,,,,
72361,4,perfect,550,550,,,,,
33516,3,perfect,433,433,,,,,
40870,4,perfect,815,815,,,,,
32313,4,perfect,381,381,,,,,
52353,3,perfect,784,784,,,,,
29238,4,perfect,447,447,,,,,
42593,4,perfect,928,928,,,,,
41597,3,perfect,778,778,,,,,
82561,4,perfect,870,870,,,,,
61321,5,perfect,873,873,,,,,
68286,6,dropped,0,0,,,,illegal_share_buy,
41524,6,perfect,853,853,,,,,
42716,4,perfect,459,459,,,,,
58456,5,dropped,0,0,,,,mh_out_of_turn,
62446,5,perfect,531,531,,,,,
82610,4,perfect,876,876,,,,,
63821,4,perfect,822,822,,,,,
70628,4,perfect,819,819,,,,,
85623,4,perfect,494,494,,,,,
83230,4,perfect,714,714,,,,,
75777,5,perfect,924,924,,,,,
54786,4,perfect,707,707,,,,,
64910,3,dropped,0,0,,,,illegal_share_buy,
82565,4,perfect,827,827,,,,,
50364,6,perfect,976,976,,,,,
27817,4,perfect,865,865,,,,,
42631,4,perfect,800,800,,,,,
81863,4,perfect,809,809,,,,,
40892,4,perfect,482,482,,,,,
48554,5,perfect,750,750,,,,,
62394,5,perfect,513,513,,,,,
48398,4,dropped,0,0,,,,cross_player_buy_company,
82724,4,perfect,979,979,,,,,
67560,4,perfect,798,798,,,,,
46459,4,perfect,473,473,,,,,
82947,4,perfect,819,819,,,,,
44061,4,perfect,326,326,,,,,
51957,4,dropped,0,0,,,,illegal_share_buy,
32353,3,perfect,810,810,,,,,
55986,4,perfect,928,928,,,,,
82339,3,perfect,964,964,,,,,
65460,4,perfect,431,431,,,,,
82201,4,perfect,778,778,,,,,
51832,2,dropped,0,0,,,,mh_out_of_turn,
53967,2,perfect,768,768,,,,,
86016,4,perfect,485,485,,,,,
51169,4,perfect,722,722,,,,,
36659,4,perfect,414,414,,,,,
42627,4,perfect,740,740,,,,,
53771,6,dropped,0,0,,,,illegal_share_buy,
38964,5,perfect,727,727,,,,,
43732,4,perfect,939,939,,,,,
82200,3,perfect,447,447,,,,,
82437,3,perfect,809,809,,,,,
67686,4,perfect,565,565,,,,,
55506,5,perfect,455,455,,,,,
42064,4,dropped,0,0,,,,illegal_share_buy,
83524,4,perfect,456,456,,,,,
64935,5,perfect,908,908,,,,,
42470,4,dropped,0,0,,,,cross_player_buy_company,
61068,5,perfect,761,761,,,,,
39584,4,perfect,861,861,,,,,
65371,4,perfect,759,759,,,,,
82674,4,perfect,587,587,,,,,
31701,4,perfect,444,444,,,,,
39916,4,perfect,428,428,,,,,
59261,4,perfect,467,467,,,,,
42706,4,dropped,0,0,,,,illegal_share_buy,
43326,3,perfect,931,931,,,,,
82307,4,perfect,937,937,,,,,
44066,4,perfect,992,992,,,,,
68905,4,dropped,0,0,,,,illegal_share_buy,
27549,4,dropped,0,0,,,,illegal_share_buy,
59217,4,dropped,0,0,,,,cross_president_buy_train,
83228,5,perfect,425,425,,,,,
42710,4,perfect,581,581,,,,,
73023,4,dropped,0,0,,,,illegal_share_buy,
43771,4,perfect,871,871,,,,,
40847,4,perfect,549,549,,,,,
42601,4,perfect,414,414,,,,,
42718,4,perfect,337,337,,,,,
80502,6,dropped,0,0,,,,illegal_share_buy,
45363,4,perfect,870,870,,,,,
39177,4,perfect,943,943,,,,,
54169,5,perfect,614,614,,,,,
39124,4,dropped,0,0,,,,mh_out_of_turn,
62673,3,perfect,342,342,,,,,
76125,4,perfect,850,850,,,,,
61591,4,perfect,700,700,,,,,
39863,4,dropped,0,0,,,,cross_president_buy_train,
58785,4,perfect,968,968,,,,,
30743,4,perfect,392,392,,,,,
88744,5,perfect,395,395,,,,,
56059,6,perfect,737,737,,,,,
61630,4,perfect,730,730,,,,,
72759,5,perfect,511,511,,,,,
69414,5,perfect,795,795,,,,,
70712,4,dropped,0,0,,,,illegal_share_buy,
33579,5,perfect,814,814,,,,,
60842,4,perfect,347,347,,,,,
52521,5,perfect,394,394,,,,,
60281,5,perfect,773,773,,,,,
46028,3,dropped,0,0,,,,mis_attributed_corp_action,
41746,5,dropped,0,0,,,,illegal_share_buy,
68193,3,perfect,849,849,,,,,
51948,5,perfect,503,503,,,,,
70618,4,perfect,500,500,,,,,
82602,4,perfect,340,340,,,,,
79548,4,perfect,687,687,,,,,
81803,4,perfect,859,859,,,,,
29275,4,perfect,579,579,,,,,
60847,4,perfect,851,851,,,,,
70664,4,perfect,381,381,,,,,
70737,4,perfect,710,710,,,,,
29083,6,dropped,0,0,,,,illegal_share_buy,
42597,4,perfect,420,420,,,,,
60518,4,perfect,909,909,,,,,
57644,6,perfect,550,550,,,,,
82646,4,perfect,448,448,,,,,
54033,5,dropped,0,0,,,,illegal_share_buy,
73801,5,perfect,928,928,,,,,
72848,2,perfect,714,714,,,,,
82638,4,perfect,915,915,,,,,
52841,3,perfect,774,774,,,,,
74788,5,dropped,0,0,,,,illegal_share_buy,
79824,6,perfect,1001,1001,,,,,
30007,6,perfect,405,405,,,,,
30045,4,perfect,655,655,,,,,
70146,4,perfect,937,937,,,,,
87700,4,perfect,779,779,,,,,
68716,4,dropped,0,0,,,,illegal_share_buy,
73677,5,perfect,823,823,,,,,
54484,6,perfect,889,889,,,,,
72861,4,perfect,905,905,,,,,
85586,4,perfect,790,790,,,,,
40734,4,perfect,932,932,,,,,
55816,5,perfect,387,387,,,,,
82601,4,perfect,992,992,,,,,
70705,4,perfect,826,826,,,,,
70678,4,perfect,921,921,,,,,
42563,4,perfect,866,866,,,,,
62749,3,dropped,0,0,,,,illegal_share_buy,
80894,6,perfect,789,789,,,,,
67615,3,perfect,752,752,,,,,
48611,3,perfect,758,758,,,,,
57988,5,perfect,458,458,,,,,
54905,4,perfect,762,762,,,,,
68340,4,perfect,710,710,,,,,
70718,4,perfect,941,941,,,,,
64452,2,perfect,802,802,,,,,
82581,4,perfect,312,312,,,,,
37858,6,dropped,0,0,,,,illegal_share_buy,
40977,6,perfect,887,887,,,,,
70140,4,perfect,460,460,,,,,
79826,4,perfect,619,619,,,,,
41278,6,perfect,758,758,,,,,
38229,5,dropped,0,0,,,,illegal_share_buy,
31777,4,perfect,761,761,,,,,
58435,4,perfect,854,854,,,,,
28150,4,dropped,0,0,,,,illegal_share_buy,
42717,4,perfect,800,800,,,,,
29703,5,perfect,414,414,,,,,
66534,5,perfect,830,830,,,,,
49022,3,perfect,660,660,,,,,
44616,4,perfect,508,508,,,,,
42664,4,perfect,867,867,,,,,
82570,4,perfect,779,779,,,,,
70634,4,perfect,961,961,,,,,
53657,4,perfect,827,827,,,,,
29524,3,perfect,835,835,,,,,
57749,3,perfect,757,757,,,,,
77535,5,dropped,0,0,,,,illegal_share_buy,
82648,4,perfect,727,727,,,,,
51978,5,perfect,430,430,,,,,
28923,4,perfect,731,731,,,,,
26826,4,perfect,882,882,,,,,
75211,4,perfect,807,807,,,,,
29329,4,perfect,329,329,,,,,
37240,3,perfect,723,723,,,,,
82615,4,perfect,773,773,,,,,
70716,4,perfect,399,399,,,,,
81194,4,perfect,224,224,,,,,
60647,4,perfect,404,404,,,,,
42681,4,perfect,818,818,,,,,
83915,4,dropped,0,0,,,,illegal_share_buy,
54715,4,perfect,384,384,,,,,
36587,5,perfect,354,354,,,,,
70692,4,perfect,416,416,,,,,
60551,4,perfect,573,573,,,,,
71970,3,perfect,498,498,,,,,
62361,4,perfect,850,850,,,,,
61620,5,perfect,388,388,,,,,
48499,4,dropped,0,0,,,,illegal_share_buy,
55677,5,dropped,0,0,,,,illegal_share_buy,
82662,4,perfect,867,867,,,,,
42661,4,perfect,423,423,,,,,
38445,4,perfect,783,783,,,,,
31368,4,perfect,843,843,,,,,
76640,4,dropped,0,0,,,,illegal_share_buy,
56805,2,perfect,664,664,,,,,
62851,6,dropped,0,0,,,,illegal_share_buy,
62947,4,perfect,358,358,,,,,
85610,4,perfect,508,508,,,,,
67591,4,dropped,0,0,,,,illegal_share_buy,
41319,3,perfect,633,633,,,,,
65141,4,perfect,787,787,,,,,
74198,4,perfect,740,740,,,,,
52855,6,perfect,854,854,,,,,
58580,5,perfect,899,899,,,,,
59862,3,perfect,653,653,,,,,
26897,4,perfect,745,745,,,,,
61113,3,dropped,0,0,,,,illegal_share_buy,
64942,5,dropped,0,0,,,,illegal_share_buy,
41298,5,dropped,0,0,,,,illegal_share_buy,
75201,3,perfect,848,848,,,,,
57192,3,perfect,686,686,,,,,
72256,4,perfect,460,460,,,,,
61356,2,perfect,688,688,,,,,
74705,4,perfect,346,346,,,,,
82659,4,perfect,870,870,,,,,
82990,4,perfect,346,346,,,,,
42565,4,perfect,878,878,,,,,
48415,5,perfect,839,839,,,,,
26828,3,perfect,761,761,,,,,
37461,3,dropped,0,0,,,,illegal_share_buy,
42598,4,perfect,825,825,,,,,
82625,4,perfect,444,444,,,,,
82631,4,perfect,921,921,,,,,
42626,4,perfect,810,810,,,,,
32060,3,perfect,798,798,,,,,
41124,4,perfect,855,855,,,,,
65478,5,perfect,743,743,,,,,
60001,6,dropped,0,0,,,,illegal_share_buy,
42069,4,perfect,411,411,,,,,
27261,5,perfect,360,360,,,,,
46531,4,perfect,828,828,,,,,
30582,4,perfect,371,371,,,,,
83219,3,perfect,934,934,,,,,
64351,4,perfect,773,773,,,,,
35894,4,dropped,0,0,,,,illegal_share_buy,
80887,5,perfect,427,427,,,,,
85852,6,perfect,389,389,,,,,
58260,4,perfect,830,830,,,,,
52510,5,perfect,773,773,,,,,
84040,5,dropped,0,0,,,,cross_player_buy_company,
77089,3,perfect,709,709,,,,,
76388,4,perfect,953,953,,,,,
30574,4,perfect,416,416,,,,,
33197,3,dropped,0,0,,,,illegal_share_buy,
35740,5,perfect,905,905,,,,,
26949,5,perfect,858,858,,,,,
66940,5,perfect,535,535,,,,,
72008,3,perfect,673,673,,,,,
39003,5,perfect,784,784,,,,,
37755,5,dropped,0,0,,,,illegal_share_buy,
26987,5,perfect,983,983,,,,,
63417,4,perfect,451,451,,,,,
39792,4,perfect,858,858,,,,,
42608,4,perfect,490,490,,,,,
42666,4,perfect,508,508,,,,,
85210,4,perfect,323,323,,,,,
48491,6,dropped,0,0,,,,illegal_share_buy,
60798,4,perfect,744,744,,,,,
66579,5,perfect,577,577,,,,,
55859,4,perfect,767,767,,,,,
70621,4,perfect,683,683,,,,,
68466,2,perfect,817,817,,,,,
84211,4,perfect,846,846,,,,,
55298,4,dropped,0,0,,,,illegal_share_buy,
58324,5,dropped,0,0,,,,illegal_share_buy,
82606,4,perfect,395,395,,,,,
42790,4,perfect,891,891,,,,,
70643,4,perfect,790,790,,,,,
44240,4,perfect,617,617,,,,,
69298,4,dropped,0,0,,,,illegal_share_buy,
63550,6,dropped,0,0,,,,illegal_share_buy,
27797,4,perfect,878,878,,,,,
82578,4,perfect,843,843,,,,,
52990,3,perfect,288,288,,,,,
46166,3,perfect,792,792,,,,,
57839,3,perfect,692,692,,,,,
70369,5,perfect,387,387,,,,,
42692,4,perfect,814,814,,,,,
60965,6,perfect,577,577,,,,,
35417,4,dropped,0,0,,,,illegal_share_buy,
49765,5,perfect,884,884,,,,,
84829,4,perfect,613,613,,,,,
80791,4,perfect,211,211,,,,,
66497,4,perfect,952,952,,,,,
26835,4,perfect,395,395,,,,,
55027,5,perfect,571,571,,,,,
79458,5,perfect,503,503,,,,,
42694,4,perfect,430,430,,,,,
37528,4,perfect,848,848,,,,,
66327,4,perfect,441,441,,,,,
29266,3,perfect,744,744,,,,,
26890,3,perfect,795,795,,,,,
38469,4,perfect,473,473,,,,,
85670,3,perfect,831,831,,,,,
53016,5,perfect,490,490,,,,,
61278,5,perfect,809,809,,,,,
39525,3,perfect,727,727,,,,,
29232,4,perfect,335,335,,,,,
58605,4,perfect,358,358,,,,,
82658,4,perfect,508,508,,,,,
42616,4,perfect,741,741,,,,,
80659,4,perfect,500,500,,,,,
70608,4,dropped,0,0,,,,cross_player_buy_company,
42591,4,perfect,497,497,,,,,
81305,4,perfect,476,476,,,,,
82559,4,perfect,353,353,,,,,
55521,4,perfect,818,818,,,,,
67116,2,perfect,888,888,,,,,
57211,3,perfect,692,692,,,,,
48141,4,perfect,687,687,,,,,
56454,6,perfect,938,938,,,,,
70606,4,perfect,839,839,,,,,
50848,4,perfect,371,371,,,,,
57149,3,perfect,729,729,,,,,
51148,3,perfect,784,784,,,,,
42657,4,perfect,415,415,,,,,
81067,6,perfect,498,498,,,,,
66671,4,perfect,842,842,,,,,
79287,5,perfect,450,450,,,,,
76562,6,perfect,928,928,,,,,
29965,5,perfect,578,578,,,,,
42676,4,perfect,428,428,,,,,
50084,4,perfect,939,939,,,,,
38604,4,perfect,754,754,,,,,
44079,4,perfect,750,750,,,,,
84622,3,perfect,433,433,,,,,
81282,4,perfect,510,510,,,,,
82611,4,perfect,857,857,,,,,
36959,6,dropped,0,0,,,,illegal_share_buy,
70655,4,perfect,781,781,,,,,
70682,4,perfect,739,739,,,,,
53342,4,perfect,882,882,,,,,
29727,4,perfect,537,537,,,,,
43863,4,perfect,788,788,,,,,
32240,3,perfect,732,732,,,,,
70646,4,perfect,852,852,,,,,
49216,6,dropped,0,0,,,,illegal_share_buy,
69640,4,perfect,834,834,,,,,
67870,4,perfect,906,906,,,,,
82609,4,perfect,937,937,,,,,
82549,4,perfect,808,808,,,,,
44647,3,perfect,760,760,,,,,
30707,4,dropped,0,0,,,,mh_out_of_turn,
67313,4,perfect,413,413,,,,,
39115,4,perfect,749,749,,,,,
83875,4,perfect,853,853,,,,,
41084,4,dropped,0,0,,,,illegal_share_buy,
59153,4,perfect,849,849,,,,,
78106,4,perfect,922,922,,,,,
70676,4,dropped,0,0,,,,illegal_share_buy,
70702,4,perfect,457,457,,,,,
72886,4,dropped,0,0,,,,illegal_share_buy,
82598,4,perfect,779,779,,,,,
82614,4,perfect,437,437,,,,,
61578,4,perfect,766,766,,,,,
81079,5,dropped,0,0,,,,illegal_share_buy,
66709,5,perfect,840,840,,,,,
29133,4,perfect,348,348,,,,,
53828,5,perfect,335,335,,,,,
53439,4,perfect,603,603,,,,,
81119,4,perfect,842,842,,,,,
67062,6,perfect,525,525,,,,,
45538,4,dropped,0,0,,,,mh_out_of_turn,
42577,4,perfect,797,797,,,,,
88113,4,perfect,419,419,,,,,
42566,4,perfect,789,789,,,,,
67171,3,perfect,738,738,,,,,
72232,3,perfect,721,721,,,,,
69892,6,perfect,864,864,,,,,
63685,4,perfect,996,996,,,,,
31664,4,perfect,417,417,,,,,
52918,6,perfect,747,747,,,,,
44058,4,perfect,805,805,,,,,
64981,5,perfect,833,833,,,,,
42709,4,perfect,698,698,,,,,
44710,3,perfect,396,396,,,,,
42986,4,perfect,887,887,,,,,
29096,5,perfect,881,881,,,,,
85472,4,perfect,366,366,,,,,
27009,4,perfect,932,932,,,,,
58721,6,dropped,0,0,,,,illegal_share_buy,
70287,3,dropped,0,0,,,,illegal_share_buy,
48182,4,dropped,0,0,,,,illegal_share_buy,
48581,3,perfect,785,785,,,,,
26991,5,dropped,0,0,,,,illegal_share_buy,
33672,4,perfect,857,857,,,,,
42688,4,perfect,697,697,,,,,
82574,4,perfect,721,721,,,,,
38781,4,perfect,415,415,,,,,
62385,3,perfect,374,374,,,,,
79484,4,perfect,457,457,,,,,
82032,4,perfect,468,468,,,,,
83276,5,perfect,1003,1003,,,,,
55477,6,perfect,600,600,,,,,
88813,4,perfect,372,372,,,,,
58007,4,perfect,840,840,,,,,
36761,3,perfect,766,766,,,,,
26825,5,perfect,489,489,,,,,
80905,3,perfect,841,841,,,,,
63401,5,perfect,384,384,,,,,
70698,4,perfect,884,884,,,,,
82660,4,perfect,878,878,,,,,
71067,4,perfect,835,835,,,,,
70872,5,dropped,0,0,,,,cross_president_buy_train,
60428,3,perfect,844,844,,,,,
54479,4,perfect,818,818,,,,,
37711,4,perfect,731,731,,,,,
82588,4,perfect,1026,1026,,,,,
42660,4,perfect,984,984,,,,,
82728,4,dropped,0,0,,,,illegal_share_buy,
42617,4,perfect,818,818,,,,,
42663,4,perfect,829,829,,,,,
64545,5,perfect,547,547,,,,,
65471,4,perfect,507,507,,,,,
82575,4,perfect,625,625,,,,,
44721,4,perfect,931,931,,,,,
61966,4,dropped,0,0,,,,cross_president_buy_train,
79710,2,perfect,579,579,,,,,
27598,4,perfect,781,781,,,,,
41277,6,perfect,523,523,,,,,
55331,4,perfect,919,919,,,,,
49889,5,perfect,485,485,,,,,
54713,4,perfect,828,828,,,,,
70662,4,perfect,757,757,,,,,
28076,3,perfect,701,701,,,,,
48610,4,perfect,806,806,,,,,
30286,4,perfect,358,358,,,,,
37513,6,perfect,904,904,,,,,
42619,4,perfect,853,853,,,,,
40862,4,perfect,983,983,,,,,
82655,4,perfect,362,362,,,,,
44077,4,perfect,417,417,,,,,
80364,4,perfect,830,830,,,,,
57332,4,perfect,843,843,,,,,
81100,5,perfect,949,949,,,,,
42572,4,perfect,945,945,,,,,
71150,4,perfect,524,524,,,,,
50143,4,perfect,816,816,,,,,
83278,5,perfect,532,532,,,,,
62606,4,perfect,542,542,,,,,
61302,5,perfect,690,690,,,,,
82620,4,perfect,857,857,,,,,
82661,4,perfect,787,787,,,,,
53290,3,perfect,740,740,,,,,
46246,3,dropped,0,0,,,,illegal_share_buy,
76590,5,perfect,619,619,,,,,
60890,3,perfect,690,690,,,,,
57092,4,perfect,418,418,,,,,
46890,4,dropped,0,0,,,,illegal_share_buy,
57506,4,perfect,439,439,,,,,
66295,3,perfect,692,692,,,,,
70708,4,perfect,834,834,,,,,
38018,5,perfect,853,853,,,,,
64283,4,perfect,867,867,,,,,
48359,4,perfect,831,831,,,,,
56146,5,perfect,480,480,,,,,
52754,3,dropped,0,0,,,,mh_out_of_turn,
55025,5,perfect,709,709,,,,,
36550,5,perfect,423,423,,,,,
49246,4,perfect,794,794,,,,,
66247,4,perfect,437,437,,,,,
80335,6,perfect,494,494,,,,,
70633,4,perfect,861,861,,,,,
42568,4,perfect,382,382,,,,,
28056,5,perfect,894,894,,,,,
54058,2,perfect,689,689,,,,,
82357,4,dropped,0,0,,,,illegal_share_buy,
55458,5,perfect,865,865,,,,,
47643,6,perfect,902,902,,,,,
70661,4,perfect,914,914,,,,,
42654,4,dropped,0,0,,,,illegal_share_buy,
45880,5,perfect,746,746,,,,,
58217,6,cleaning_error,0,0,,,,,Exception: Not a buyable train
41757,3,dropped,0,0,,,,illegal_share_buy,
70647,4,perfect,780,780,,,,,
78203,5,cleaning_error,0,0,,,,,Exception: Not a buyable train
70721,4,perfect,389,389,,,,,
52935,4,perfect,853,853,,,,,
82373,5,perfect,745,745,,,,,
54897,4,perfect,860,860,,,,,
30585,4,dropped,0,0,,,,illegal_share_buy,
51632,4,perfect,343,343,,,,,
57820,3,perfect,753,753,,,,,
79019,4,perfect,827,827,,,,,
85971,4,perfect,748,748,,,,,
62078,4,perfect,513,513,,,,,
84774,6,dropped,0,0,,,,illegal_share_buy,
61953,4,perfect,506,506,,,,,
35666,4,perfect,775,775,,,,,
69383,4,perfect,489,489,,,,,
85949,5,perfect,487,487,,,,,
47061,4,perfect,847,847,,,,,
85835,3,perfect,865,865,,,,,
78146,4,perfect,872,872,,,,,
44318,4,perfect,808,808,,,,,
44067,4,perfect,807,807,,,,,
63999,4,perfect,887,887,,,,,
71730,5,perfect,484,484,,,,,
36830,6,perfect,930,930,,,,,
55825,5,perfect,493,493,,,,,
60888,2,dropped,0,0,,,,illegal_share_buy,
75107,4,perfect,810,810,,,,,
61696,3,perfect,930,930,,,,,
37377,4,perfect,701,701,,,,,
69027,6,perfect,587,587,,,,,
83401,4,dropped,0,0,,,,illegal_share_buy,
65981,4,perfect,467,467,,,,,
59499,4,dropped,0,0,,,,illegal_share_buy,
53436,3,perfect,798,798,,,,,
35654,4,perfect,779,779,,,,,
82125,2,dropped,0,0,,,,illegal_share_buy,
59824,4,perfect,415,415,,,,,
70680,4,perfect,926,926,,,,,
39424,6,perfect,903,903,,,,,
26975,5,perfect,771,771,,,,,
58332,3,perfect,662,662,,,,,
70623,4,perfect,837,837,,,,,
50402,4,perfect,788,788,,,,,
73515,4,perfect,745,745,,,,,
53503,4,perfect,452,452,,,,,
30016,4,perfect,754,754,,,,,
79092,3,perfect,781,781,,,,,
65166,5,perfect,478,478,,,,,
77102,4,dropped,0,0,,,,illegal_share_buy,
82665,4,perfect,811,811,,,,,
81576,3,perfect,875,875,,,,,
30545,4,perfect,374,374,,,,,
85707,4,perfect,482,482,,,,,
39693,4,perfect,237,237,,,,,
70724,4,perfect,861,861,,,,,
42606,4,perfect,362,362,,,,,
32388,3,perfect,805,805,,,,,
58771,4,perfect,352,352,,,,,
70722,4,perfect,458,458,,,,,
47179,4,perfect,862,862,,,,,
72108,4,perfect,535,535,,,,,
78785,4,perfect,453,453,,,,,
28335,5,dropped,0,0,,,,cross_president_buy_train,
42630,4,perfect,392,392,,,,,
54618,4,perfect,927,927,,,,,
42305,4,perfect,807,807,,,,,
82384,4,perfect,846,846,,,,,
72613,4,perfect,386,386,,,,,
27393,4,perfect,411,411,,,,,
64349,5,cleaning_error,0,0,,,,,Exception: Not a buyable train
46713,4,perfect,344,344,,,,,
42629,4,perfect,688,688,,,,,
71302,4,perfect,955,955,,,,,
40074,4,dropped,0,0,,,,other,
27604,5,cleaning_error,0,0,,,,,GameError: NYC cannot lay token - remaining token slots are reserved on 59-1-1 E11
76612,4,perfect,848,848,,,,,
69688,5,perfect,455,455,,,,,
70641,4,perfect,468,468,,,,,
74382,4,perfect,573,573,,,,,
59859,5,perfect,392,392,,,,,
51774,4,perfect,306,306,,,,,
86244,4,perfect,403,403,,,,,
70607,4,perfect,545,545,,,,,
47866,4,perfect,292,292,,,,,
78462,6,perfect,808,808,,,,,
63368,5,perfect,482,482,,,,,
39204,4,perfect,956,956,,,,,
70617,4,perfect,376,376,,,,,
53485,4,perfect,771,771,,,,,
57009,4,perfect,907,907,,,,,
60239,6,dropped,0,0,,,,illegal_share_buy,
26857,4,perfect,808,808,,,,,
85170,5,dropped,0,0,,,,illegal_share_buy,
80350,4,perfect,435,435,,,,,
70740,4,perfect,410,410,,,,,
79335,3,perfect,753,753,,,,,
36642,4,perfect,855,855,,,,,
79023,4,perfect,412,412,,,,,
62311,6,perfect,815,815,,,,,
26915,4,dropped,0,0,,,,illegal_share_buy,
36727,4,perfect,522,522,,,,,
54481,5,perfect,809,809,,,,,
70701,4,perfect,387,387,,,,,
83480,5,dropped,0,0,,,,cross_president_buy_train,
63457,4,perfect,713,713,,,,,
50165,3,perfect,677,677,,,,,
70738,4,dropped,0,0,,,,illegal_share_buy,
27402,4,perfect,408,408,,,,,
64799,4,perfect,724,724,,,,,
81332,4,perfect,534,534,,,,,
36594,4,perfect,437,437,,,,,
42983,3,perfect,946,946,,,,,
40241,5,dropped,0,0,,,,illegal_share_buy,
70695,4,perfect,523,523,,,,,
27225,4,perfect,760,760,,,,,
60631,5,perfect,966,966,,,,,
39035,5,dropped,0,0,,,,mh_out_of_turn,
51539,3,perfect,781,781,,,,,
82770,4,perfect,354,354,,,,,
52041,4,perfect,894,894,,,,,
46032,4,perfect,793,793,,,,,
38206,4,perfect,804,804,,,,,
42613,4,perfect,896,896,,,,,
57849,4,perfect,756,756,,,,,
68245,6,dropped,0,0,,,,illegal_share_buy,
88473,4,perfect,853,853,,,,,
78644,6,dropped,0,0,,,,illegal_share_buy,
55967,6,perfect,1011,1011,,,,,
60026,3,perfect,763,763,,,,,
40930,4,dropped,0,0,,,,illegal_share_buy,
83818,5,perfect,928,928,,,,,
70654,4,perfect,1020,1020,,,,,
31850,4,perfect,455,455,,,,,
42648,4,perfect,755,755,,,,,
84560,5,perfect,529,529,,,,,
50238,4,perfect,490,490,,,,,
27687,5,dropped,0,0,,,,illegal_share_buy,
82088,4,perfect,875,875,,,,,
30939,4,perfect,410,410,,,,,
67623,5,perfect,810,810,,,,,
82635,4,perfect,438,438,,,,,
42646,4,perfect,622,622,,,,,
70650,4,perfect,485,485,,,,,
73482,5,dropped,0,0,,,,mh_out_of_turn,
52017,3,dropped,0,0,,,,other,
60305,4,perfect,318,318,,,,,
36701,5,perfect,872,872,,,,,
63587,4,perfect,411,411,,,,,
40839,5,perfect,988,988,,,,,
27322,3,perfect,575,575,,,,,
57953,4,dropped,0,0,,,,illegal_share_buy,
42713,4,perfect,842,842,,,,,
81664,4,perfect,745,745,,,,,
42621,4,perfect,843,843,,,,,
26929,4,perfect,782,782,,,,,
29961,4,perfect,834,834,,,,,
31490,5,perfect,891,891,,,,,
82653,4,perfect,436,436,,,,,
42639,4,perfect,396,396,,,,,
68779,4,perfect,417,417,,,,,
50385,4,perfect,532,532,,,,,
36870,3,dropped,0,0,,,,illegal_share_buy,
72704,5,perfect,351,351,,,,,
75240,4,perfect,890,890,,,,,
77513,3,perfect,935,935,,,,,
51841,4,perfect,750,750,,,,,
50839,4,perfect,716,716,,,,,
63880,5,perfect,637,637,,,,,
57948,5,perfect,858,858,,,,,
30912,4,perfect,510,510,,,,,
63845,3,perfect,782,782,,,,,
38646,3,perfect,764,764,,,,,
70671,4,perfect,615,615,,,,,
71688,5,perfect,559,559,,,,,
49243,3,perfect,746,746,,,,,
73594,4,perfect,689,689,,,,,
75727,4,dropped,0,0,,,,illegal_share_buy,
44068,4,perfect,807,807,,,,,
42647,4,perfect,792,792,,,,,
66545,5,dropped,0,0,,,,illegal_share_buy,
42683,4,perfect,723,723,,,,,
46256,4,perfect,688,688,,,,,
83156,4,perfect,862,862,,,,,
59877,4,perfect,851,851,,,,,
81679,3,perfect,359,359,,,,,
42693,4,perfect,791,791,,,,,
72020,5,perfect,924,924,,,,,
56788,4,perfect,407,407,,,,,
33625,4,perfect,397,397,,,,,
72877,4,perfect,961,961,,,,,
82604,4,perfect,799,799,,,,,
46142,6,perfect,475,475,,,,,
81667,5,perfect,451,451,,,,,
65192,6,perfect,507,507,,,,,
58507,4,perfect,532,532,,,,,
72864,4,perfect,702,702,,,,,
42581,4,perfect,950,950,,,,,
63012,5,perfect,752,752,,,,,
42679,4,dropped,0,0,,,,illegal_share_buy,
63593,4,perfect,850,850,,,,,
68929,4,perfect,342,342,,,,,
77704,5,perfect,935,935,,,,,
77181,4,perfect,497,497,,,,,
77392,4,perfect,840,840,,,,,
85429,5,perfect,454,454,,,,,
44074,4,perfect,412,412,,,,,
80249,6,dropped,0,0,,,,cross_president_buy_train,
44062,4,perfect,833,833,,,,,
76028,5,dropped,0,0,,,,cross_president_buy_train,
69455,4,perfect,838,838,,,,,
37829,4,perfect,936,936,,,,,
66582,4,perfect,928,928,,,,,
51092,4,perfect,334,334,,,,,
48384,4,dropped,0,0,,,,illegal_share_buy,
66730,5,perfect,334,334,,,,,
78693,4,dropped,0,0,,,,illegal_share_buy,
68955,4,perfect,874,874,,,,,
62373,2,perfect,720,720,,,,,
86189,5,perfect,781,781,,,,,
87845,4,perfect,460,460,,,,,
42720,4,perfect,499,499,,,,,
70632,4,perfect,798,798,,,,,
44064,4,perfect,866,866,,,,,
54858,4,dropped,0,0,,,,mh_out_of_turn,
42571,4,perfect,779,779,,,,,
29954,5,perfect,399,399,,,,,
70614,4,perfect,427,427,,,,,
42213,5,perfect,362,362,,,,,
83891,5,perfect,865,865,,,,,
64923,4,perfect,930,930,,,,,
55767,4,perfect,348,348,,,,,
42673,4,perfect,776,776,,,,,
62795,5,perfect,854,854,,,,,
30593,4,perfect,767,767,,,,,
48971,4,perfect,866,866,,,,,
55953,3,perfect,885,885,,,,,
82560,4,perfect,798,798,,,,,
31604,3,perfect,666,666,,,,,
39191,3,perfect,772,772,,,,,
83764,4,perfect,932,932,,,,,
82564,4,perfect,810,810,,,,,
78246,5,perfect,464,464,,,,,
88968,4,perfect,867,867,,,,,
35583,3,dropped,0,0,,,,illegal_share_buy,
41672,3,perfect,433,433,,,,,
48925,3,perfect,402,402,,,,,
55115,4,dropped,0,0,,,,illegal_share_buy,
85215,6,perfect,459,459,,,,,
87146,4,perfect,367,367,,,,,
81632,2,dropped,0,0,,,,illegal_share_buy,
58309,4,dropped,0,0,,,,illegal_share_buy,
40652,3,perfect,781,781,,,,,
42678,4,perfect,496,496,,,,,
54010,4,perfect,315,315,,,,,
62595,4,perfect,367,367,,,,,
42940,4,perfect,341,341,,,,,
82672,4,perfect,356,356,,,,,
29120,3,cleaning_error,0,0,,,,,Exception: Not a buyable train
64674,4,dropped,0,0,,,,illegal_share_buy,
70711,4,perfect,311,311,,,,,
80205,4,perfect,814,814,,,,,
82654,4,dropped,0,0,,,,illegal_share_buy,
83023,4,dropped,0,0,,,,illegal_share_buy,
62415,4,perfect,492,492,,,,,
51004,3,perfect,726,726,,,,,
65714,4,perfect,878,878,,,,,
28615,4,perfect,791,791,,,,,
58636,3,dropped,0,0,,,,illegal_share_buy,
75976,4,dropped,0,0,,,,mh_out_of_turn,
82671,4,perfect,722,722,,,,,
58657,4,perfect,738,738,,,,,
29150,3,perfect,421,421,,,,,
82668,4,perfect,803,803,,,,,
38442,4,perfect,986,986,,,,,
39304,4,perfect,394,394,,,,,
65572,6,perfect,494,494,,,,,
41039,4,perfect,880,880,,,,,
64173,4,perfect,344,344,,,,,
29774,4,perfect,789,789,,,,,
66373,4,perfect,474,474,,,,,
31949,4,perfect,655,655,,,,,
40911,5,dropped,0,0,,,,illegal_share_buy,
52472,4,perfect,402,402,,,,,
82633,4,perfect,344,344,,,,,
58215,4,perfect,832,832,,,,,
51278,4,perfect,759,759,,,,,
50606,5,perfect,521,521,,,,,
45876,4,perfect,371,371,,,,,
46097,6,perfect,470,470,,,,,
78127,4,perfect,822,822,,,,,
79188,4,perfect,950,950,,,,,
82586,4,perfect,532,532,,,,,
44996,4,dropped,0,0,,,,cross_president_buy_train,
37541,4,perfect,797,797,,,,,
42671,4,perfect,845,845,,,,,
62197,4,perfect,740,740,,,,,
48675,4,dropped,0,0,,,,illegal_share_buy,
55309,4,perfect,788,788,,,,,
60439,5,perfect,783,783,,,,,
43679,3,perfect,853,853,,,,,
42266,4,perfect,808,808,,,,,
42600,4,perfect,761,761,,,,,
83207,4,perfect,414,414,,,,,
70630,4,perfect,385,385,,,,,
42702,4,dropped,0,0,,,,cross_president_buy_train,
48756,4,perfect,825,825,,,,,
66597,4,perfect,477,477,,,,,
70626,4,perfect,484,484,,,,,
50049,5,dropped,0,0,,,,illegal_share_buy,
78895,5,dropped,0,0,,,,illegal_share_buy,
42707,4,perfect,574,574,,,,,
63865,5,perfect,484,484,,,,,
54720,4,perfect,772,772,,,,,
44521,4,dropped,0,0,,,,illegal_share_buy,
58039,4,dropped,0,0,,,,illegal_share_buy,
52324,5,dropped,0,0,,,,illegal_share_buy,
70171,6,perfect,885,885,,,,,
38615,6,perfect,404,404,,,,,
38486,3,perfect,869,869,,,,,
76632,4,perfect,510,510,,,,,
30625,4,perfect,416,416,,,,,
86050,4,perfect,769,769,,,,,
78101,4,dropped,0,0,,,,illegal_share_buy,
64052,4,dropped,0,0,,,,illegal_share_buy,
85244,4,perfect,478,478,,,,,
69614,4,perfect,453,453,,,,,
38138,3,perfect,817,817,,,,,
70728,4,perfect,412,412,,,,,
81183,5,dropped,0,0,,,,other,
42567,4,perfect,797,797,,,,,
81229,4,perfect,492,492,,,,,
42704,4,perfect,842,842,,,,,
81730,6,perfect,918,918,,,,,
27645,6,perfect,404,404,,,,,
42643,4,perfect,467,467,,,,,
67883,3,dropped,0,0,,,,cross_player_buy_company,
66504,4,perfect,390,390,,,,,
59566,5,perfect,847,847,,,,,
70631,4,perfect,747,747,,,,,
70703,4,perfect,924,924,,,,,
65553,4,perfect,800,800,,,,,
80431,4,perfect,775,775,,,,,
52811,2,perfect,879,879,,,,,
29967,3,perfect,461,461,,,,,
70666,4,perfect,818,818,,,,,
42615,4,perfect,857,857,,,,,
28073,6,perfect,776,776,,,,,
36502,4,dropped,0,0,,,,illegal_share_buy,
61397,4,perfect,478,478,,,,,
70735,4,perfect,519,519,,,,,
70642,4,perfect,424,424,,,,,
82669,4,perfect,362,362,,,,,
55113,3,perfect,907,907,,,,,
27030,3,perfect,790,790,,,,,
70729,4,perfect,864,864,,,,,
73316,5,dropped,0,0,,,,illegal_share_buy,
62470,6,perfect,535,535,,,,,
76457,4,perfect,380,380,,,,,
33526,4,dropped,0,0,,,,illegal_share_buy,
60786,4,dropped,0,0,,,,illegal_share_buy,
82583,4,perfect,415,415,,,,,
81717,4,perfect,769,769,,,,,
30633,4,perfect,350,350,,,,,
42569,4,perfect,859,859,,,,,
44607,4,perfect,903,903,,,,,
82553,4,perfect,831,831,,,,,
62686,4,perfect,420,420,,,,,
85886,4,dropped,0,0,,,,illegal_share_buy,
44896,4,perfect,410,410,,,,,
82019,5,perfect,456,456,,,,,
27702,6,dropped,0,0,,,,illegal_share_buy,
51483,5,perfect,987,987,,,,,
38532,5,perfect,795,795,,,,,
70615,4,perfect,883,883,,,,,
26873,4,perfect,448,448,,,,,
44974,5,perfect,904,904,,,,,
55294,4,perfect,854,854,,,,,
44815,5,dropped,0,0,,,,illegal_share_buy,
42604,4,perfect,496,496,,,,,
81526,4,perfect,334,334,,,,,
65301,4,perfect,464,464,,,,,
44546,5,dropped,0,0,,,,illegal_share_buy,
67906,3,perfect,808,808,,,,,
35589,4,perfect,493,493,,,,,
58367,4,perfect,703,703,,,,,
55329,3,perfect,402,402,,,,,
27869,4,perfect,809,809,,,,,
70665,4,perfect,898,898,,,,,
82612,4,perfect,872,872,,,,,
85700,5,perfect,408,408,,,,,
49249,4,perfect,844,844,,,,,
41830,6,perfect,527,527,,,,,
52861,4,perfect,897,897,,,,,
37413,6,dropped,0,0,,,,illegal_share_buy,
47140,5,perfect,485,485,,,,,
49526,4,dropped,0,0,,,,illegal_share_buy,
30330,5,perfect,426,426,,,,,
55891,4,perfect,756,756,,,,,
54630,4,perfect,838,838,,,,,
56082,4,dropped,0,0,,,,illegal_share_buy,
60443,4,perfect,716,716,,,,,
65044,3,perfect,368,368,,,,,
84955,4,perfect,853,853,,,,,
75005,4,dropped,0,0,,,,illegal_share_buy,
68984,5,perfect,986,986,,,,,
61540,4,perfect,453,453,,,,,
53413,3,dropped,0,0,,,,cross_player_buy_company,
70639,4,perfect,823,823,,,,,
44571,3,perfect,904,904,,,,,
73382,5,dropped,0,0,,,,cross_president_buy_train,
26837,4,perfect,880,880,,,,,
47432,4,perfect,1019,1019,,,,,
28038,4,perfect,418,418,,,,,
70640,4,perfect,443,443,,,,,
76450,4,perfect,791,791,,,,,
81625,4,perfect,479,479,,,,,
65308,4,perfect,746,746,,,,,
85778,5,perfect,533,533,,,,,
27151,4,perfect,797,797,,,,,
87764,3,dropped,0,0,,,,illegal_share_buy,
76000,4,perfect,882,882,,,,,
68541,4,perfect,725,725,,,,,
52572,3,perfect,467,467,,,,,
61913,4,perfect,390,390,,,,,
45387,4,perfect,387,387,,,,,
56996,5,dropped,0,0,,,,illegal_share_buy,
74268,3,perfect,688,688,,,,,
42655,4,perfect,472,472,,,,,
40851,5,perfect,802,802,,,,,
41775,5,perfect,384,384,,,,,
86032,4,perfect,578,578,,,,,
63926,4,perfect,704,704,,,,,
77252,4,perfect,860,860,,,,,
85290,5,perfect,990,990,,,,,
75812,4,perfect,418,418,,,,,
44076,4,perfect,822,822,,,,,
51510,3,perfect,721,721,,,,,
31342,4,perfect,531,531,,,,,
70653,4,perfect,826,826,,,,,
42712,4,perfect,863,863,,,,,
55853,4,perfect,682,682,,,,,
80592,4,perfect,814,814,,,,,
75340,4,perfect,769,769,,,,,
42997,4,perfect,1056,1056,,,,,
27182,4,perfect,390,390,,,,,
26905,5,perfect,460,460,,,,,
38084,4,perfect,676,676,,,,,
40255,5,perfect,421,421,,,,,
62488,6,dropped,0,0,,,,illegal_share_buy,
64392,4,perfect,844,844,,,,,
48596,3,perfect,873,873,,,,,
55099,4,perfect,471,471,,,,,
65504,4,perfect,803,803,,,,,
50553,4,perfect,411,411,,,,,
58473,5,dropped,0,0,,,,illegal_share_buy,
86190,4,perfect,741,741,,,,,
71310,4,perfect,856,856,,,,,
76108,3,perfect,737,737,,,,,
46753,5,perfect,382,382,,,,,
74909,5,perfect,397,397,,,,,
57008,6,perfect,163,163,,,,,
28576,4,perfect,466,466,,,,,
64418,4,perfect,434,434,,,,,
38165,4,perfect,785,785,,,,,
61721,4,perfect,832,832,,,,,
79216,3,dropped,0,0,,,,illegal_share_buy,
70710,4,perfect,558,558,,,,,
57778,4,perfect,906,906,,,,,
27334,4,perfect,397,397,,,,,
67205,5,perfect,986,986,,,,,
70612,4,perfect,936,936,,,,,
44065,4,perfect,662,662,,,,,
